ID,Lead
ID 117816840, Lead Danya,Semmence,Wilderman Inc
ID 157510375, Lead Carlotta,Czyz,Jakubowski-Williamson
ID 183225849, Lead Rina,Boldison,Lowe-Dach
ID 188782140, Lead Rriocard,La Wille,Padberg-Barrows
ID 205878543, Lead Guillaume,Puddefoot,Reilly-Hickle
ID 219014520, Lead Lorraine,Gadd,"Glover, Haag and Rowe"
ID 236507935, Lead Maxwell,Hartwell,"Gorczany, Abbott and DuBuque"
ID 318108395, Lead Brewster,Dumini,"Ondricka, Krajcik and Prohaska"
ID 343868241, Lead Alphonse,Vegas,"Deckow, Orn and Kutch"
ID 372434269, Lead Inesita,Ary,Roob and Sons
ID 407237807, Lead Athene,Spurriar,Hermiston LLC
ID 429323895, Lead Danie,Croxley,Johns-Feest
ID 435881007, Lead Michael,Duckering,"Auer, Gorczany and Lockman"
ID 461570967, Lead Danit,Gillford,"Gibson, Emmerich and Legros"
ID 462674951, Lead Lucais,Birkwood,"Turcotte, Rohan and Gislason"
ID 464709099, Lead Mirabelle,O'Mullaney,Beier LLC
ID 500622704, Lead Meris,Silley,"Morissette, Gutmann and Lang"
ID 505227189, Lead Ileane,Drinkel,Brekke-Luettgen
ID 558973730, Lead Rinaldo,Maestro,"Dickinson, Kohler and Raynor"
ID 571867757, Lead Trev,Soots,Nikolaus LLC
ID 599693191, Lead Herb,Armitage,Kautzer-McGlynn
ID 652690962, Lead Christie,Bareham,Boyer Group
ID 697667077, Lead Antone,Sitwell,Hilll-Effertz
ID 713326009, Lead Kiel,Pedreschi,"Kihn, Hayes and Bailey"
ID 723847226, Lead Foster,Luckett,Bogisich-Lindgren
ID 748508400, Lead Barbee,Broadway,"Veum, Johns and Fisher"
ID 766649906, Lead Hunt,Lodin,Jast Inc
ID 816227842, Lead Luigi,MacCardle,Bradtke-Becker
